SettlementPoint,Year,Month,Mean,Min,Max,SD,Volatility
HB_BUSAVG,2016,Jan,19.20930107526882,5.12,54.69,5.485210390097426,0.16260013876840151
HB_BUSAVG,2016,Feb,15.288247126436781,1.79,50.98,5.777172176927241,0.2225263722196569
HB_BUSAVG,2016,Mar,16.755625841184386,1.22,64.31,7.368496875539134,0.2126570285651301
HB_BUSAVG,2016,Apr,18.289347222222222,1.18,93.09,9.506142732088001,0.22877198810194016
HB_BUSAVG,2016,May,18.159583333333334,3.03,73.61,8.017220813376365,0.17257385068168513
HB_BUSAVG,2016,Jun,23.909819444444445,4.02,110.72,11.305436288586213,0.1474295789602155
HB_BUSAVG,2016,Jul,27.18747311827957,7.61,99.29,12.406065835499753,0.15453076259267462
HB_BUSAVG,2016,Aug,30.567137096774193,13.39,230.02,27.15155808784459,0.1856547783888562
HB_BUSAVG,2016,Sep,26.86175,10.89,202.4,14.90429817289045,0.1380798114430571
HB_BUSAVG,2016,Oct,25.204838709677418,2.92,274.77,16.327119599882366,0.18920705028007032
HB_BUSAVG,2016,Nov,19.244902777777778,2.3,48.65,6.378151553287985,0.18675276243989297
HB_BUSAVG,2016,Dec,25.3183064516129,2.72,139.42,11.105303297399228,0.2053625941039086
HB_BUSAVG,2017,Jan,23.252782258064517,1.94,96.28,7.471612705493782,0.19586681247656035
HB_BUSAVG,2017,Feb,20.11782738095238,3.56,52.7,6.538278533511914,0.18540494893901996
HB_BUSAVG,2017,Mar,22.569892328398385,4.92,78.44,7.988595981559292,0.1480568805466746
HB_BUSAVG,2017,Apr,23.705083333333334,8.37,81.08,7.768482147422761,0.1398062955126053
HB_BUSAVG,2017,May,25.087352150537633,4.66,65.3,7.952691485425808,0.1454265116762633
HB_BUSAVG,2017,Jun,27.66915277777778,15.22,82.18,11.114801167073598,0.13154185484692557
HB_BUSAVG,2017,Jul,31.454274193548386,16.64,257.04,17.838848649545906,0.15471486798675363
HB_BUSAVG,2017,Aug,27.50701612903226,16.62,88.75,10.898581913248776,0.12395499832884099
HB_BUSAVG,2017,Sep,24.184166666666666,8.38,59.02,7.923659778393277,0.1183019943507812
HB_BUSAVG,2017,Oct,23.563279569892472,3.07,97.54,10.300630159991831,0.1633552566868084
HB_BUSAVG,2017,Nov,22.677458333333334,4.28,83.65,8.310512675527983,0.16930819550579299
HB_BUSAVG,2017,Dec,21.18795698924731,5.82,55.67,5.19330756504688,0.1564664443235028
HB_BUSAVG,2018,Jan,37.869677419354836,5.83,1660.04,87.56361308118343,0.2184487910109711
HB_BUSAVG,2018,Feb,21.854315476190475,5.09,73.49,7.541317693617221,0.19781195326097495
HB_BUSAVG,2018,Mar,22.561978465679676,7.34,69.97,8.357991123600046,0.18213744128865328
HB_BUSAVG,2018,Apr,23.142958333333333,6.22,53.44,7.366768766336835,0.15695830411051714
HB_BUSAVG,2018,May,34.00524193548387,8.49,541.31,38.31447037060386,0.2257969020908786
HB_BUSAVG,2018,Jun,29.966125,15.16,114.07,14.65805823884764,0.14553167008640058
HB_BUSAVG,2018,Jul,78.85944892473118,9.9,2061.99,233.36169591636295,0.3779511619461333
HB_BUSAVG,2018,Aug,31.661559139784945,12.71,149.91,18.572329132601748,0.1627562780368106
HB_BUSAVG,2018,Sep,27.175444444444445,14.59,88.96,10.510967505928196,0.12135330832924657
HB_BUSAVG,2018,Oct,29.95782258064516,10.32,95.21,10.169829781404726,0.13645456951855342
HB_BUSAVG,2018,Nov,30.6445,9.3,108.07,11.598420053307366,0.1701535644159874
HB_BUSAVG,2018,Dec,30.26818548387097,6.64,117.74,10.123066556862826,0.17600679628787913
HB_BUSAVG,2019,Jan,24.592567204301076,5.72,75.28,8.130355147669789,0.1693805599567058
HB_BUSAVG,2019,Feb,21.18636904761905,5.06,56.68,7.013010151618257,0.1885655164428817
HB_BUSAVG,2019,Mar,27.5657200538358,7.31,675.6,34.26389168747649,0.20162506741643216
HB_BUSAVG,2019,Apr,22.613180555555555,5.34,102.53,11.853101342168468,0.19128746174712197
HB_BUSAVG,2019,May,23.959932795698926,9.46,67.19,8.560298614984859,0.1327564022744654
HB_BUSAVG,2019,Jun,25.085541666666668,8.72,102.2,13.651568525669752,0.14784022986497747
HB_BUSAVG,2019,Jul,29.72962365591398,11.28,274.56,26.86115729182235,0.19455344501450636
HB_BUSAVG,2019,Aug,126.38408602150538,10.04,3499.84,401.2063066000971,0.5134098697903895
HB_BUSAVG,2019,Sep,79.615625,7.88,5008.32,380.2139310767902,0.34935138042564656
HB_BUSAVG,2019,Oct,28.247056451612902,6.39,851.45,53.267344275415354,0.23043984391487324
HB_BUSAVG,2019,Nov,23.468374999999998,3.26,203.7,14.638393552028688,0.22857557015049654
HB_BUSAVG,2019,Dec,18.71508064516129,3.74,59.84,6.744975917531293,0.18485900120649815
HB_HOUSTON,2016,Jan,19.565725806451614,5.19,54.55,5.648747381728997,0.1666276911443794
HB_HOUSTON,2016,Feb,15.464540229885058,2.1,50.75,5.811656068895288,0.2208448671495128
HB_HOUSTON,2016,Mar,17.124952893674294,1.36,72.32,7.704735965516085,0.21220387738183688
HB_HOUSTON,2016,Apr,18.940958333333334,1.26,99,10.265435546159958,0.2304177301272185
HB_HOUSTON,2016,May,19.174086021505378,3.04,73.62,9.380178378071188,0.18020168468424194
HB_HOUSTON,2016,Jun,26.255736111111112,4.31,141,15.324347268547495,0.16400868803197993
HB_HOUSTON,2016,Jul,29.538924731182796,10.08,101.38,14.978876680896805,0.15956180133714695
HB_HOUSTON,2016,Aug,32.97254032258064,13.49,269.69,33.12178187519316,0.19741966320215196
HB_HOUSTON,2016,Sep,28.742416666666667,11.49,211.23,16.821039643259606,0.14932620926086465
HB_HOUSTON,2016,Oct,28.249556451612904,4,284.79,18.950819928980863,0.1974858496325841
HB_HOUSTON,2016,Nov,20.365930555555554,3.05,51.61,7.431234496542129,0.1918111282469201
HB_HOUSTON,2016,Dec,25.72766129032258,2.92,142.55,11.323204615300083,0.20681534176068245
HB_HOUSTON,2017,Jan,24.781854838709677,3.03,96.21,7.904352417097669,0.1943509744213776
HB_HOUSTON,2017,Feb,23.265714285714285,4.52,58.68,8.61231960434737,0.18751531158283782
HB_HOUSTON,2017,Mar,28.213297442799462,6.85,144.16,14.123950526156516,0.1575584864671041
HB_HOUSTON,2017,Apr,32.29573611111111,10.77,142.25,15.704205969482658,0.16374647086350472
HB_HOUSTON,2017,May,31.53317204301075,5,105.17,14.642110122789164,0.18242908848302586
HB_HOUSTON,2017,Jun,33.168347222222224,15.44,133.78,18.60204923631417,0.16766762782133504
HB_HOUSTON,2017,Jul,34.37583333333333,16.72,306.24,22.793164369378225,0.173278698813314
HB_HOUSTON,2017,Aug,29.401720430107527,16.61,97.06,13.225864551440145,0.13452977856501727
HB_HOUSTON,2017,Sep,26.542944444444444,8.32,73.92,10.919633588905972,0.13963433466710218
HB_HOUSTON,2017,Oct,30.141236559139784,4.4,249.2,23.325715626861324,0.20264138953442623
HB_HOUSTON,2017,Nov,26.091055555555556,4.69,131,12.686734104963287,0.17320419836412296
HB_HOUSTON,2017,Dec,21.549005376344088,6.25,53.34,5.162866307722016,0.15716798722305828
HB_HOUSTON,2018,Jan,37.94478494623656,6.19,1637.34,86.01527890478582,0.2164881966416179
HB_HOUSTON,2018,Feb,22.164107142857144,5.1,72.11,7.347411911330589,0.19739782679739443
HB_HOUSTON,2018,Mar,23.782543741588157,8.01,71.01,8.968034089721383,0.18869679983872314
HB_HOUSTON,2018,Apr,24.652694444444446,8.4,58.92,7.830764138938864,0.15975528419948626
HB_HOUSTON,2018,May,34.14755376344086,8.43,530.4,37.10995493457377,0.22404097579805302
HB_HOUSTON,2018,Jun,30.628486111111112,15.81,116.02,14.938345448626666,0.1454629558021777
HB_HOUSTON,2018,Jul,79.03404569892473,9.95,2057.51,233.00015888349543,0.377298500087281
HB_HOUSTON,2018,Aug,31.944247311827958,13.44,150.2,18.66412510098779,0.16193458136028327
HB_HOUSTON,2018,Sep,27.58136111111111,15.06,91.04,10.751295245972898,0.12132940227437033
HB_HOUSTON,2018,Oct,30.981935483870966,12.6,98.4,10.837428527252913,0.13679754554431597
HB_HOUSTON,2018,Nov,31.31923611111111,10.01,104.77,11.698294258876446,0.16736233052617028
HB_HOUSTON,2018,Dec,30.333548387096773,6.85,116.17,9.879054520195682,0.17615562195293946
HB_HOUSTON,2019,Jan,25.42603494623656,8.64,74.76,7.830863602989716,0.1672256826542771
HB_HOUSTON,2019,Feb,21.5078125,5.47,57.38,6.696868686204083,0.185583460916859
HB_HOUSTON,2019,Mar,27.832032301480485,8.18,651,32.644066723148484,0.2018242585028089
HB_HOUSTON,2019,Apr,23.870652777777778,5.4,106.31,11.999629838588168,0.1874999889164137
HB_HOUSTON,2019,May,24.794274193548386,9.59,67.67,8.95367187909662,0.1332744502933306
HB_HOUSTON,2019,Jun,26.897680555555556,9.93,111.16,15.453808881248245,0.15374515162617347
HB_HOUSTON,2019,Jul,29.91100806451613,11.34,274.33,26.800292086352297,0.19404553544086806
HB_HOUSTON,2019,Aug,126.62533602150538,10.32,3499.86,401.4410640782596,0.51212141902273
HB_HOUSTON,2019,Sep,80.58765277777778,7.97,5011.16,380.54306782069796,0.3488475588112935
HB_HOUSTON,2019,Oct,30.393602150537635,9.65,870.3,55.08859314240536,0.22359990987858253
HB_HOUSTON,2019,Nov,24.0215,3.79,198.8,14.300458495621012,0.2242897955764185
HB_HOUSTON,2019,Dec,18.6725,3.8,59.43,6.622055581247453,0.18385788311129733
HB_HUBAVG,2016,Jan,19.25869623655914,5.13,54.53,5.512316838236008,0.16337180049539854
HB_HUBAVG,2016,Feb,15.269252873563218,1.52,50.9,5.812592533369644,0.2262539090052082
HB_HUBAVG,2016,Mar,16.654347240915207,1.05,65.81,7.426260850084183,0.21530168581320444
HB_HUBAVG,2016,Apr,18.16686111111111,1.07,94.38,9.574284135033098,0.23210002324051915
HB_HUBAVG,2016,May,18.247002688172042,2.64,73.06,8.214961649765993,0.17609557959621325
HB_HUBAVG,2016,Jun,24.297847222222224,4.15,115.88,11.861734726158792,0.14928861269716778
HB_HUBAVG,2016,Jul,27.459206989247313,5.86,99.3,12.793737081962162,0.15782808267388118
HB_HUBAVG,2016,Aug,30.94853494623656,13.39,232.88,28.067207749952477,0.18716024879886045
HB_HUBAVG,2016,Sep,27.18813888888889,10.99,203.88,15.164137746107041,0.1392594634322067
HB_HUBAVG,2016,Oct,25.769059139784947,2.96,277.51,16.816964578457853,0.1903819541981554
HB_HUBAVG,2016,Nov,19.489305555555557,2.37,49.27,6.544536122879045,0.18711788633040824
HB_HUBAVG,2016,Dec,25.362594086021506,2.34,139.98,11.198097445441176,0.20770313439819094
HB_HUBAVG,2017,Jan,23.325551075268816,1.84,96.27,7.577709890137233,0.20031473663953842
HB_HUBAVG,2017,Feb,20.352127976190477,2.34,53.19,7.066815784413841,0.19754122593816306
HB_HUBAVG,2017,Mar,23.233230148048452,4.36,87.72,8.87079453890928,0.15255255267924822
HB_HUBAVG,2017,Apr,24.83048611111111,8.6,91.68,8.938620642163299,0.14527889025138768
HB_HUBAVG,2017,May,25.90502688172043,4.18,65.97,8.793912445332898,0.15424728174205452
HB_HUBAVG,2017,Jun,28.51384722222222,14.64,88.26,12.215149025157544,0.13743119080634847
HB_HUBAVG,2017,Jul,31.864408602150537,16.7,263.26,18.501171755106707,0.15750642715958113
HB_HUBAVG,2017,Aug,27.83861559139785,16.62,90.23,11.25476501294962,0.12545797278069845
HB_HUBAVG,2017,Sep,24.519694444444443,8.4,61.96,8.26848361703299,0.12051713786040832
HB_HUBAVG,2017,Oct,24.701451612903227,3.48,109.91,12.053085676988324,0.16767910945465012
HB_HUBAVG,2017,Nov,23.16713888888889,3.68,91.6,8.902537112871341,0.16907778891323821
HB_HUBAVG,2017,Dec,21.209852150537635,4.55,56.06,5.3366052597287865,0.1590920686415927
HB_HUBAVG,2018,Jan,37.7730376344086,5.24,1658.38,87.50519670270869,0.22005267313969906
HB_HUBAVG,2018,Feb,21.830059523809524,4.2,73.4,7.607576739110759,0.2003999505394781
HB_HUBAVG,2018,Mar,22.40343203230148,6.13,69.98,8.604464627194636,0.18737432982917468
HB_HUBAVG,2018,Apr,22.450305555555556,4.42,53.51,7.838026572185337,0.16580980193020553
HB_HUBAVG,2018,May,32.834852150537635,7.13,536.14,37.75765213475436,0.22887624324834344
HB_HUBAVG,2018,Jun,29.781861111111112,14.66,113.13,14.418706406790351,0.14509997047616746
HB_HUBAVG,2018,Jul,78.8323252688172,9.95,2061.56,233.3255127232922,0.37803303833929686
HB_HUBAVG,2018,Aug,31.694583333333334,12.87,149.94,18.56014531660235,0.16253084049143268
HB_HUBAVG,2018,Sep,27.05302777777778,14.75,88.41,10.301125773944907,0.12034277939243249
HB_HUBAVG,2018,Oct,29.889112903225808,9.98,95.61,10.165972310649044,0.13648760346550046
HB_HUBAVG,2018,Nov,30.277208333333334,8.42,105.98,11.820105869491798,0.17277014100340748
HB_HUBAVG,2018,Dec,30.191989247311827,6.45,117.99,10.318657868630195,0.1777404560989398
HB_HUBAVG,2019,Jan,24.68340053763441,5.59,75.44,8.210358990110416,0.1701846107649234
HB_HUBAVG,2019,Feb,21.25063988095238,4.85,56.86,7.073012164577064,0.19003477534481697
HB_HUBAVG,2019,Mar,27.189030955585466,5.95,674.86,34.35972336363791,0.20636695865032695
HB_HUBAVG,2019,Apr,22.221166666666665,4.4,103.18,12.112938760854043,0.19826732559440588
HB_HUBAVG,2019,May,23.883763440860214,9.03,67.33,8.577879707268156,0.1343185745643264
HB_HUBAVG,2019,Jun,25.171541666666666,8.6,102.85,13.788867563759183,0.1484402282266935
HB_HUBAVG,2019,Jul,29.696236559139784,11.28,274.53,26.839811239624776,0.19439417130851763
HB_HUBAVG,2019,Aug,126.34983870967741,9.9,3499.49,401.1272589683443,0.5135184763509946
HB_HUBAVG,2019,Sep,79.45919444444445,7.89,5008.13,380.17390025920133,0.34956730599117375
HB_HUBAVG,2019,Oct,28.131760752688173,6.05,851.39,53.417383946265446,0.23118682802306126
HB_HUBAVG,2019,Nov,23.257236111111112,2.91,201.15,14.540368868864507,0.2305287150888688
HB_HUBAVG,2019,Dec,18.62337365591398,3.49,60.41,6.752492529393898,0.1852620499139476
HB_NORTH,2016,Jan,19.133306451612903,5.09,55.56,5.465482000164042,0.1616487244507235
HB_NORTH,2016,Feb,15.292658045977012,2,51.26,5.741953441774281,0.2194669382784106
HB_NORTH,2016,Mar,16.859367429340512,1.46,60.79,7.259944346713298,0.2098157821834434
HB_NORTH,2016,Apr,18.350666666666665,1.3,90.11,9.314117201804843,0.2258237797914184
HB_NORTH,2016,May,17.905631720430108,3.55,74.68,7.66682611970472,0.16874344216988077
HB_NORTH,2016,Jun,23.158055555555556,3.64,101,10.37844027970814,0.14570867194204928
HB_NORTH,2016,Jul,26.800793010752688,9.02,98.94,11.667287327521294,0.1504241999420875
HB_NORTH,2016,Aug,29.828387096774193,13.37,223.94,25.427223868923868,0.18402208171323997
HB_NORTH,2016,Sep,26.249180555555554,10.7,200,14.525627155172398,0.1372753693989615
HB_NORTH,2016,Oct,24.005255376344085,2.71,269.05,15.390332528302766,0.19018533388403935
HB_NORTH,2016,Nov,18.66488888888889,1.92,47.62,6.101731530063149,0.18975746204666408
HB_NORTH,2016,Dec,25.14904569892473,3.17,138.12,10.941741566558264,0.2041574005655451
HB_NORTH,2017,Jan,22.991854838709678,2.02,96.37,7.40032972241333,0.1926844415016828
HB_NORTH,2017,Feb,19.448199404761905,4.77,51.8,5.934393190161846,0.17753857350611585
HB_NORTH,2017,Mar,21.22777927321669,5.46,63.71,6.777892002262998,0.14849906244397315
HB_NORTH,2017,Apr,21.410555555555554,7.16,61.79,6.24491784224872,0.14143133865139046
HB_NORTH,2017,May,23.419919354838708,5.2,62.98,6.722616735124593,0.13767632449296507
HB_NORTH,2017,Jun,25.890569444444445,15.33,70.82,9.048123147849383,0.12416063636482028
HB_NORTH,2017,Jul,30.65431451612903,16.47,244.42,16.651010261624055,0.15037975067726617
HB_NORTH,2017,Aug,26.832728494623655,16.61,85.93,10.255855876488058,0.12218414432662116
HB_NORTH,2017,Sep,23.34611111111111,8.29,54.32,7.261250913423443,0.11600206770812456
HB_NORTH,2017,Oct,21.40590053763441,1.88,75,7.791168430578759,0.16715254485573458
HB_NORTH,2017,Nov,21.596208333333333,3.19,69.49,7.568659608784368,0.17852629271671766
HB_NORTH,2017,Dec,20.952997311827957,6.18,53.18,4.987721615378066,0.15551028462483898
HB_NORTH,2018,Jan,37.58590053763441,6.24,1659.26,87.45206198148664,0.2190531142481276
HB_NORTH,2018,Feb,21.76702380952381,6.39,73.33,7.452917156357079,0.1959556847537579
HB_NORTH,2018,Mar,22.608008075370122,8.57,69.87,8.217259861945996,0.18117568443501017
HB_NORTH,2018,Apr,23.522916666666667,8.06,52.98,7.026932638200544,0.15311768228565178
HB_NORTH,2018,May,35.30614247311828,9.32,550.83,39.463383345482946,0.22659208629105132
HB_NORTH,2018,Jun,30.21188888888889,15.35,115.08,15.084811187253619,0.1472709771861378
HB_NORTH,2018,Jul,78.96845430107527,9.79,2063.87,233.55245524774716,0.37761742130129905
HB_NORTH,2018,Aug,31.603051075268816,12,150,18.64059523762587,0.16355799280299957
HB_NORTH,2018,Sep,27.29963888888889,14.02,89.78,10.928677673760703,0.12316036381355447
HB_NORTH,2018,Oct,30.034166666666668,9.57,95,10.334967046572817,0.13832995812149887
HB_NORTH,2018,Nov,31.23488888888889,9.38,114.35,11.596295053094757,0.170650163201414
HB_NORTH,2018,Dec,30.398266129032258,6.96,117.3,9.919452147482733,0.17451174602796482
HB_NORTH,2019,Jan,24.33263440860215,5.41,75.1,8.213235570821181,0.17046049045488715
HB_NORTH,2019,Feb,20.864955357142858,4.48,56.39,7.0187809156553875,0.18965327229589737
HB_NORTH,2019,Mar,28.10371467025572,8.95,676.5,34.155593973165175,0.19787281139963622
HB_NORTH,2019,Apr,22.99740277777778,5.53,100.8,11.622436364291053,0.18679970514988634
HB_NORTH,2019,May,23.978884408602152,9.96,67.3,8.688466045637167,0.13351860261753198
HB_NORTH,2019,Jun,25.175819444444443,8.17,101.27,13.602406822767914,0.14819668736961633
HB_NORTH,2019,Jul,29.781290322580645,11.22,274.65,26.916675138030307,0.19513013678070495
HB_NORTH,2019,Aug,126.52185483870967,10,3500.92,401.5181039277682,0.512939101676679
HB_NORTH,2019,Sep,79.91958333333334,7.81,5010.22,380.5384254197815,0.34978574114093247
HB_NORTH,2019,Oct,27.995967741935484,6.11,853.71,53.323601612869346,0.23547182792462304
HB_NORTH,2019,Nov,23.628611111111113,3.49,212.85,15.121341806879718,0.22995379122173334
HB_NORTH,2019,Dec,18.731989247311827,4.01,59.75,6.806604034839857,0.1862582747395069
HB_PAN,2019,Apr,16.548766666666666,-19.01,99.64,14.227681951102403,0.5748220651624282
HB_PAN,2019,May,16.414327956989247,-15.06,67.69,13.544792459757305,NA
HB_PAN,2019,Jun,20.731319444444445,-11.58,100.06,15.826254741623814,NA
HB_PAN,2019,Jul,28.384569892473117,0.5,274.16,27.36512057912495,0.2472140108561493
HB_PAN,2019,Aug,124.99173387096774,-9.99,3497.75,401.49762789284887,NA
HB_PAN,2019,Sep,72.85329166666666,-14.97,5010.1,381.5470467094593,NA
HB_PAN,2019,Oct,18.71676075268817,-20.69,843.05,54.79572759540513,NA
HB_PAN,2019,Nov,11.661291666666667,-29.98,211.43,21.725598922420986,NA
HB_PAN,2019,Dec,8.817244623655913,-27.84,60.3,16.045190188916134,NA
HB_SOUTH,2016,Jan,19.21005376344086,5.18,54.4,5.458224904565117,0.16309987390644537
HB_SOUTH,2016,Feb,15.333591954022989,2.02,50.25,5.766310020451896,0.22119379006923567
HB_SOUTH,2016,Mar,16.763109017496635,1,69.59,7.562570221381636,0.21645286695552893
HB_SOUTH,2016,Apr,18.51290277777778,1.17,99,9.962189284750313,0.23121263941979858
HB_SOUTH,2016,May,18.57045698924731,2.77,71.92,8.661368325580218,0.17881236057505198
HB_SOUTH,2016,Jun,24.645375,4.93,119.5,11.984516256441227,0.15297584253027416
HB_SOUTH,2016,Jul,26.960255376344087,-27.74,100.15,14.223926454532691,NA
HB_SOUTH,2016,Aug,31.207970430107526,13.44,237.08,28.706992658650872,0.1876799650034326
HB_SOUTH,2016,Sep,27.405569444444446,11.08,203.25,15.053059746843543,0.13928111891455242
HB_SOUTH,2016,Oct,26.689663978494625,3.43,282.46,17.671567723574377,0.19059942407483263
HB_SOUTH,2016,Nov,20.148833333333332,3.2,49.27,6.918300399465621,0.18347488769472897
HB_SOUTH,2016,Dec,25.708991935483873,2.72,141.49,11.367082161043973,0.20652619147545845
HB_SOUTH,2017,Jan,23.62481182795699,1.89,96.01,7.575724207807039,0.19848335392588498
HB_SOUTH,2017,Feb,21.079360119047617,3.29,53.41,7.134705341168084,0.1905192378608939
HB_SOUTH,2017,Mar,23.680753701211305,5.02,78.22,8.66664899612327,0.14914049667796322
HB_SOUTH,2017,Apr,25.609402777777778,8.88,94.72,9.029660940162145,0.14154064414956644
HB_SOUTH,2017,May,26.495013440860216,4.73,68.65,9.192251989315869,0.15376567575769343
HB_SOUTH,2017,Jun,29.654694444444445,15.39,98.22,13.388315766817483,0.14123084400366465
HB_SOUTH,2017,Jul,32.1294623655914,17.07,268.53,18.90136043673263,0.15890512443089413
HB_SOUTH,2017,Aug,28.31502688172043,16.63,91.52,11.581170602149857,0.12685013201143994
HB_SOUTH,2017,Sep,25.515097222222224,8.68,68.76,8.801109045773567,0.12236398816800238
HB_SOUTH,2017,Oct,25.563655913978494,4.63,113.12,11.44361036169301,0.15810755312478036
HB_SOUTH,2017,Nov,23.977180555555556,5.09,92.56,8.787211894234108,0.16124002477479876
HB_SOUTH,2017,Dec,21.997916666666665,5.73,64.46,5.585505404189784,0.15701588469545869
HB_SOUTH,2018,Jan,39.498145161290324,6.01,1675.95,88.67166127106842,0.21604823968846748
HB_SOUTH,2018,Feb,22.30639880952381,4.08,74.89,7.797641728131438,0.20172040821332612
HB_SOUTH,2018,Mar,22.888452220726784,7.37,70.15,7.990134982283653,0.17601672377478017
HB_SOUTH,2018,Apr,24.471888888888888,7.06,54.92,7.698613356269683,0.15730798862440679
HB_SOUTH,2018,May,34.226075268817205,9.67,531.39,37.16877772907251,0.22032364475233765
HB_SOUTH,2018,Jun,30.068638888888888,16.07,114.49,13.978537296864102,0.14165178723643165
HB_SOUTH,2018,Jul,78.84737903225806,10.07,2058.15,232.88427198288306,0.3778711992816942
HB_SOUTH,2018,Aug,31.66752688172043,14.7,149.28,18.317685981494453,0.16123738074694632
HB_SOUTH,2018,Sep,27.189805555555555,15.64,87.78,10.218478841636113,0.1196079802783502
HB_SOUTH,2018,Oct,29.772513440860216,14.49,93.43,9.647190833725768,0.1332920396846021
HB_SOUTH,2018,Nov,29.837180555555555,9.46,104.24,11.002205151109663,0.16716378518156935
HB_SOUTH,2018,Dec,30.089301075268818,6.18,118.6,10.294004189647127,0.17783481173277374
HB_SOUTH,2019,Jan,25.08606182795699,7,74.19,7.680102234868328,0.16667533629353526
HB_SOUTH,2019,Feb,22.12563988095238,5.75,58.75,6.98671715324944,0.18373374238311016
HB_SOUTH,2019,Mar,27.13555854643338,6.63,685.53,34.99492019245871,0.20579091512457864
HB_SOUTH,2019,Apr,22.463333333333335,4.21,105.56,11.908119073175156,0.19831909747938725
HB_SOUTH,2019,May,24.05994623655914,9.4,66,8.276677345653292,0.1312253757407423
HB_SOUTH,2019,Jun,23.90436111111111,10.55,104.57,12.982437741673447,0.14679079719555463
HB_SOUTH,2019,Jul,29.6375,11.46,274.37,26.766762447821158,0.1936981771427611
HB_SOUTH,2019,Aug,125.93654569892473,10.49,3497.19,400.2652332314314,0.5155384789707312
HB_SOUTH,2019,Sep,78.90047222222222,8.03,5000.73,379.0236350930701,0.3537106469817289
HB_SOUTH,2019,Oct,29.46840053763441,8.4,838.47,52.06511827553334,0.22137015973979154
HB_SOUTH,2019,Nov,23.718555555555554,3.95,181.03,13.497690540509819,0.2211259309448913
HB_SOUTH,2019,Dec,18.952513440860216,3.58,69.69,6.656832472968684,0.18233173214317036
HB_WEST,2016,Jan,19.126559139784945,4.84,55.96,5.552808074476874,0.1634353841328283
HB_WEST,2016,Feb,14.988663793103449,-0.61,51.36,6.017304549324413,0.27825854600389727
HB_WEST,2016,Mar,15.871668909825033,0.38,60.57,7.3810102861606595,0.23767212315911812
HB_WEST,2016,Apr,16.86275,-0.05,90.43,9.270893627043185,0.2951446024283433
HB_WEST,2016,May,17.337674731182794,1.06,71.97,7.648550692442676,0.19522744986806415
HB_WEST,2016,Jun,23.141930555555554,3.73,102.08,10.286637497767178,0.14498179292891042
HB_WEST,2016,Jul,26.54356182795699,9.03,96.73,11.548332657215813,0.15090909788939172
HB_WEST,2016,Aug,29.78673387096774,13.26,224.54,25.374168289237257,0.1845768731579079
HB_WEST,2016,Sep,26.35425,10.68,201.03,14.581646674593998,0.13668765864894888
HB_WEST,2016,Oct,24.11393817204301,1.58,273.75,15.805819181603836,0.1988685092071345
HB_WEST,2016,Nov,18.778416666666665,0.8,48.69,6.296595940514881,0.202333169313366
HB_WEST,2016,Dec,24.86266129032258,0.26,137.73,11.297255966368274,0.23400388893817942
HB_WEST,2017,Jan,21.901720430107527,-0.4,96.47,8.329261364773261,0.3240488447425577
HB_WEST,2017,Feb,17.61668154761905,-4.3,52.13,8.353607598538456,NA
HB_WEST,2017,Mar,19.813593539703902,-0.05,64.77,8.285855409811543,0.2898005147606532
HB_WEST,2017,Apr,19.99609722222222,-0.95,67.92,8.11548532087369,0.29480685030416404
HB_WEST,2017,May,22.166612903225808,1.2,53.75,6.960570769950846,0.19181642505573696
HB_WEST,2017,Jun,25.331694444444445,11.13,73.8,8.688395241214742,0.12816417865122814
HB_WEST,2017,Jul,30.29364247311828,16.53,233.81,16.11667038729388,0.15086642465699282
HB_WEST,2017,Aug,26.817043010752688,16.63,86.37,10.236244257218413,0.12328542303958792
HB_WEST,2017,Sep,22.678819444444443,8.32,54.25,6.8312186814573,0.11458915220282932
HB_WEST,2017,Oct,21.69383064516129,1.84,70.17,8.01605077099721,0.17253365256469688
HB_WEST,2017,Nov,21.001791666666666,-0.09,73.34,8.324036361486982,0.2498600702512504
HB_WEST,2017,Dec,20.338037634408604,-2.28,53.28,6.117314012983184,0.2609351619243322
HB_WEST,2018,Jan,36.05163978494624,0.21,1661.14,87.99336444454859,0.2818898699308082
HB_WEST,2018,Feb,21.087604166666665,1.05,73.33,8.123562208468396,0.23539483419541432
HB_WEST,2018,Mar,20.333620457604308,-0.62,69.7,9.999361985102984,NA
HB_WEST,2018,Apr,17.156625,-5.98,52.8,11.163072038103397,NA
HB_WEST,2018,May,27.692016129032258,-4.56,531.53,38.01272945351065,0.43053574191585153
HB_WEST,2018,Jun,28.27702777777778,7.12,107,13.839546440320047,0.15954130327224791
HB_WEST,2018,Jul,78.51755376344086,9.71,2066.82,233.86985552369813,0.37977302473794944
HB_WEST,2018,Aug,31.560120967741934,10.83,150.33,18.630238668683326,0.1641105159752169
HB_WEST,2018,Sep,26.13959722222222,7.07,85.07,10.069532088024678,0.12477106794980403
HB_WEST,2018,Oct,28.76133064516129,2.39,95.58,10.315092209880278,0.15237444496753266
HB_WEST,2018,Nov,28.71525,1.04,115.67,13.658234997523145,0.2365739112951096
HB_WEST,2018,Dec,29.944005376344087,0,119.86,11.728604670439227,NA
HB_WEST,2019,Jan,23.881545698924732,0.63,75.83,9.684645248889197,0.2151913541519655
HB_WEST,2019,Feb,20.491160714285716,3.1,57.22,7.910899373907351,0.21807540896316538
HB_WEST,2019,Mar,25.669676985195157,-0.28,686.52,35.93572452588236,NA
HB_WEST,2019,Apr,19.551875,-0.3,100,13.864652786735467,NA
HB_WEST,2019,May,22.70266129032258,4.5,68.36,9.238910469479,0.17178532470409308
HB_WEST,2019,Jun,24.708555555555556,5.04,100.16,13.521785003357381,0.15782001898817496
HB_WEST,2019,Jul,29.45547043010753,11.03,274.78,26.90684361192509,0.1960890722055823
HB_WEST,2019,Aug,126.31528225806451,8.11,3500,401.2889789739432,0.5144958709316315
HB_WEST,2019,Sep,78.42925,5.57,5010.39,380.61810476050823,0.35746802231560876
HB_WEST,2019,Oct,24.668131720430107,-1.42,843.07,53.57664233513758,NA
HB_WEST,2019,Nov,21.66026388888889,0.08,211.91,15.69523650749591,0.3105916957393609
HB_WEST,2019,Dec,18.136424731182796,2.15,60.71,7.1886770441016665,0.19992949689652345
LZ_AEN,2016,Jan,19.324663978494623,5.35,55.02,5.499657950454568,0.16246021149210096
LZ_AEN,2016,Feb,15.448290229885057,2.24,51.51,5.74245149381437,0.21637136119519207
LZ_AEN,2016,Mar,16.85507402422611,1.32,65.27,7.360407832780969,0.21224318456910196
LZ_AEN,2016,Apr,18.256069444444446,1.17,88.34,9.34557403642361,0.22869077521596937
LZ_AEN,2016,May,18.124905913978495,2.8,76.57,7.977659806006317,0.17384694336884796
LZ_AEN,2016,Jun,24.237513888888888,8.23,110.8,11.583286461242354,0.14131689105999212
LZ_AEN,2016,Jul,27.976102150537635,9.29,98.6,12.61312179097276,0.14960874370562402
LZ_AEN,2016,Aug,30.699516129032258,13.61,235.36,26.827298867070166,0.18389275207028008
LZ_AEN,2016,Sep,26.71086111111111,11.13,200.12,14.46531541385834,0.13697874727314893
LZ_AEN,2016,Oct,25.62290322580645,3.29,274.56,16.099709573675717,0.18496473315580028
LZ_AEN,2016,Nov,19.640041666666665,3.74,48.6,6.210652441851584,0.17885766543658466
LZ_AEN,2016,Dec,25.870174731182797,3.21,136.8,11.452260949599369,0.205260877981336
LZ_AEN,2017,Jan,23.404475806451615,1.92,95.99,7.539809858297442,0.19842091851123306
LZ_AEN,2017,Feb,20.60532738095238,3.45,52.96,6.758118121814658,0.18723580538960058
LZ_AEN,2017,Mar,22.99701211305518,4.9,67.99,7.9321455382182515,0.14681731898633116
LZ_AEN,2017,Apr,24.118083333333335,8.94,85.65,8.008669689884144,0.13956460000014112
LZ_AEN,2017,May,25.293844086021505,4.9,66.94,8.173940241146438,0.14871693260376875
LZ_AEN,2017,Jun,27.91663888888889,15.47,84.47,11.335981832091651,0.13294055979359906
LZ_AEN,2017,Jul,31.40143817204301,16.95,257.95,17.939957768598738,0.15566585496250945
LZ_AEN,2017,Aug,27.465618279569892,16.63,88.71,10.953641559437658,0.12466237093252394
LZ_AEN,2017,Sep,24.628805555555555,8.82,60.58,8.027509687575204,0.11828338259956885
LZ_AEN,2017,Oct,24.019905913978494,5.24,102.26,10.015021859408662,0.1500580342138041
LZ_AEN,2017,Nov,23.019444444444446,3.63,86.69,8.47182094816197,0.16899896320019517
LZ_AEN,2017,Dec,21.06293010752688,5.06,55.3,5.3231361257386105,0.1607968988405907
LZ_AEN,2018,Jan,38.83798387096774,6.03,1661.37,87.54376856158721,0.21618162644702724
LZ_AEN,2018,Feb,21.91388392857143,4.55,74.11,7.665640874662355,0.20217009008147907
LZ_AEN,2018,Mar,22.202826379542397,5.26,70.37,8.593805694422063,0.19074804963095648
LZ_AEN,2018,Apr,22.18848611111111,4.79,51.24,7.528445920846944,0.16536729208550321
LZ_AEN,2018,May,33.16616935483871,6.86,529.23,36.91196660038251,0.2243246292030421
LZ_AEN,2018,Jun,30.286125,15.91,114.74,14.409428284606616,0.1430701862588962
LZ_AEN,2018,Jul,78.95137096774194,10.02,2060.9,233.0913438525897,0.37743661717932636
LZ_AEN,2018,Aug,31.732137096774192,13.9,149.54,18.459470882953877,0.16168729602244844
LZ_AEN,2018,Sep,27.167305555555554,15.15,88.03,10.29074779048212,0.1197280598724851
LZ_AEN,2018,Oct,30.31,12.77,96.35,10.204651355469016,0.13550995585957676
LZ_AEN,2018,Nov,30.468083333333333,8.65,106.64,11.762673463238773,0.17317309239702783
LZ_AEN,2018,Dec,30.094758064516128,6.57,117.25,10.17742369680273,0.17792269104985634
LZ_AEN,2019,Jan,25.107956989247313,6.75,76.2,7.957236317830309,0.16796047768303624
LZ_AEN,2019,Feb,21.513809523809524,5.46,57.06,6.768265769861139,0.18463754821911912
LZ_AEN,2019,Mar,27.742180349932706,7.11,685.8,34.68487401643782,0.2047627393766648
LZ_AEN,2019,Apr,23.270347222222224,4.63,106.86,12.494342464514746,0.19337774369450572
LZ_AEN,2019,May,24.676236559139785,9.12,68.42,8.730179494173763,0.13104651853569527
LZ_AEN,2019,Jun,24.41679166666667,10.2,101.71,12.944277307181563,0.14468174243074003
LZ_AEN,2019,Jul,29.709086021505374,11.37,274.59,26.80367156552104,0.19405028622675152
LZ_AEN,2019,Aug,126.52692204301076,10.34,3500.89,401.46034312338026,0.5130391772723657
LZ_AEN,2019,Sep,80.16959722222222,7.88,5010.17,380.2767520777064,0.3483383954785343
LZ_AEN,2019,Oct,29.280443548387098,8.07,844.89,52.95100909206172,0.22788788788136607
LZ_AEN,2019,Nov,24.40801388888889,3.77,209.08,14.919535273175898,0.2239528000187772
LZ_AEN,2019,Dec,19.05170698924731,3.76,59.87,6.607973845847708,0.17982389602599294
LZ_CPS,2016,Jan,19.353844086021507,5.28,56.19,5.548379633953353,0.16338832040595916
LZ_CPS,2016,Feb,15.520014367816092,2.16,52.06,5.806936573951362,0.21742745085175025
LZ_CPS,2016,Mar,16.898183041722746,1.31,68.18,7.478780011993821,0.21236286485573885
LZ_CPS,2016,Apr,19.06936111111111,1.14,114.4,11.093882920603837,0.23192046089830762
LZ_CPS,2016,May,18.47986559139785,2.77,72.34,8.100975099288911,0.17325883035371512
LZ_CPS,2016,Jun,24.958069444444444,5.22,109.62,11.206274234574295,0.14894065352207955
LZ_CPS,2016,Jul,27.967956989247313,9.4,97.14,12.727757359220305,0.15167034780599703
LZ_CPS,2016,Aug,31.306572580645163,13.43,235.47,28.075727181019598,0.1872841346787466
LZ_CPS,2016,Sep,28.13025,11,204.18,15.534595093591461,0.14091261770545396
LZ_CPS,2016,Oct,26.25029569892473,3.38,280.2,16.82894382852078,0.18735073016228845
LZ_CPS,2016,Nov,21.714666666666666,2.87,59.5,8.848424650970042,0.19393704841750994
LZ_CPS,2016,Dec,26.596424731182797,2.69,142.19,12.326364520863036,0.20946016670279702
LZ_CPS,2017,Jan,23.772567204301076,1.99,102.73,8.26379536642796,0.2072265751599448
LZ_CPS,2017,Feb,20.919479166666665,3.01,53.54,7.0902012017666,0.19229098435689457
LZ_CPS,2017,Mar,23.861547779273216,5.34,81.08,8.771604235406784,0.14912825725875115
LZ_CPS,2017,Apr,25.337902777777778,9.76,94.38,8.856499819832036,0.14114839707065316
LZ_CPS,2017,May,26.53702956989247,4.61,69.09,9.174435818693063,0.15229965609264481
LZ_CPS,2017,Jun,30.416,15.28,99.32,13.078528214227612,0.15009392594231724
LZ_CPS,2017,Jul,32.11529569892473,17.13,264.71,18.55076747930554,0.15712863935082474
LZ_CPS,2017,Aug,28.137567204301074,16.64,90.66,11.296724158422816,0.12661775575717782
LZ_CPS,2017,Sep,25.136652777777776,8.6,63.5,8.52402753320979,0.12054446474829875
LZ_CPS,2017,Oct,25.27595430107527,4.53,107.6,11.067209878064245,0.15838758990741214
LZ_CPS,2017,Nov,23.572569444444444,4.01,90.5,8.736653333481911,0.1664051153829276
LZ_CPS,2017,Dec,22.048373655913977,5.38,102.48,6.837747294597058,0.16596765093459456
LZ_CPS,2018,Jan,41.31287634408602,6.06,1708.38,91.99257259535398,0.2213291202414115
LZ_CPS,2018,Feb,22.51739583333333,4.64,74.85,7.725254185112783,0.19977112172124548
LZ_CPS,2018,Mar,25.289273216689097,8.33,236.9,12.256999463947704,0.21599775973849492
LZ_CPS,2018,Apr,26.535375,9.16,60.9,8.455876699858672,0.16437572017483154
LZ_CPS,2018,May,36.05559139784946,9.53,531.71,37.301645970556926,0.21779497784530097
LZ_CPS,2018,Jun,30.72727777777778,16.27,114.42,14.186371060728062,0.13995155769230888
LZ_CPS,2018,Jul,79.12443548387097,10.09,2059.23,232.95766854170338,0.37675009962017925
LZ_CPS,2018,Aug,31.86568548387097,15.14,149.75,18.407107090852417,0.16058201460621518
LZ_CPS,2018,Sep,27.51298611111111,15.22,89.04,10.398470471661467,0.11971851277026142
LZ_CPS,2018,Oct,31.635967741935485,16.83,97.46,11.247464610562195,0.1373755649851712
LZ_CPS,2018,Nov,32.04120833333333,10.5,109.16,12.324589758862963,0.1768189478577562
LZ_CPS,2018,Dec,30.309220430107526,6.4,119.92,10.454818175329747,0.17843419930207402
LZ_CPS,2019,Jan,26.798333333333332,10.55,82.89,8.149951236618797,0.16682793089629278
LZ_CPS,2019,Feb,24.110119047619047,6.02,86.42,9.275273957694052,0.19520056111321185
LZ_CPS,2019,Mar,29.351695827725436,6.47,725.84,38.72171315807932,0.2059808557799405
LZ_CPS,2019,Apr,25.36359722222222,4.99,114.28,14.197624670731084,0.20682296627236996
LZ_CPS,2019,May,26.246075268817204,9.35,80.88,9.843087957448544,0.1386956778895379
LZ_CPS,2019,Jun,26.391291666666667,11.52,155.41,16.04246449816535,0.16558275191883873
LZ_CPS,2019,Jul,30.66717741935484,11.52,276.56,27.0777304782,0.19141121015811113
LZ_CPS,2019,Aug,127.69620967741936,10.84,3504.12,401.5136414355443,0.5079502890720157
LZ_CPS,2019,Sep,82.43634722222222,8.39,5011.57,379.8961059615473,0.34317133829341073
LZ_CPS,2019,Oct,33.553602150537635,9.08,846.37,53.66086954681068,0.2183833244230453
LZ_CPS,2019,Nov,25.57513888888889,4.88,213.22,15.155541121465715,0.21725958773539308
LZ_CPS,2019,Dec,19.997862903225805,3.86,104.42,7.9342463246526425,0.18586413214196293
LZ_HOUSTON,2016,Jan,19.56393817204301,5.19,54.94,5.654675260617202,0.16656400728236578
LZ_HOUSTON,2016,Feb,15.487988505747126,2.1,50.75,5.820989036078068,0.22077405206487138
LZ_HOUSTON,2016,Mar,17.206729475100943,1.35,73.24,7.8052462273335905,0.21236112638160862
LZ_HOUSTON,2016,Apr,19.128930555555556,1.26,106.23,10.765909046753059,0.23171604335840965
LZ_HOUSTON,2016,May,19.90399193548387,3.03,76.88,10.639855925260372,0.1892050198090864
LZ_HOUSTON,2016,Jun,29.91508333333333,4.32,174.68,22.480109378214053,0.19698180050432867
LZ_HOUSTON,2016,Jul,29.91186827956989,10.06,106.26,15.655496426994185,0.16308054481543918
LZ_HOUSTON,2016,Aug,33.56354838709677,13.49,285,34.7563386442228,0.20172266913323383
LZ_HOUSTON,2016,Sep,29.032680555555554,11.48,214.55,17.38997939866895,0.1521300334191951
LZ_HOUSTON,2016,Oct,28.54581989247312,3.98,287.59,19.49473507624443,0.19874016962034444
LZ_HOUSTON,2016,Nov,20.437680555555556,3.06,54.65,7.571880876577429,0.19198183968971144
LZ_HOUSTON,2016,Dec,25.736841397849464,2.91,143.23,11.349051286814545,0.2068004727028417
LZ_HOUSTON,2017,Jan,24.82736559139785,3,96.36,7.946976082218834,0.1945987816268159
LZ_HOUSTON,2017,Feb,23.51721726190476,4.52,60.22,8.849387367235071,0.1881214723464643
LZ_HOUSTON,2017,Mar,28.742005383580082,6.81,152.46,15.08717262375382,0.1592311026955927
LZ_HOUSTON,2017,Apr,32.96706944444445,10.74,147.81,16.991265862206316,0.16661021126174727
LZ_HOUSTON,2017,May,32.36264784946236,4.99,109.86,15.906692890509007,0.18738953183220122
LZ_HOUSTON,2017,Jun,33.66891666666667,15.43,139.24,19.3924588943231,0.17083792303215503
LZ_HOUSTON,2017,Jul,34.725833333333334,16.72,311.81,23.443061415065714,0.17553907787980821
LZ_HOUSTON,2017,Aug,30.031478494623656,16.61,101.75,14.431593938247438,0.13921199104037088
LZ_HOUSTON,2017,Sep,27.410027777777778,8.33,84.99,12.571637692402946,0.14848151048203218
LZ_HOUSTON,2017,Oct,31.339381720430108,4.41,274.2,26.117447047199033,0.20887353044081655
LZ_HOUSTON,2017,Nov,26.339625,4.82,131.01,12.833731620771012,0.17257871858348625
LZ_HOUSTON,2017,Dec,21.97978494623656,6.29,68.39,5.791050547258557,0.16011214486029576
LZ_HOUSTON,2018,Jan,38.04498655913979,6.18,1638.04,86.06439847614334,0.21627781659510076
LZ_HOUSTON,2018,Feb,22.375848214285714,5.1,72.15,7.394902533647273,0.1965673207772289
LZ_HOUSTON,2018,Mar,23.933458950201885,8.01,71.42,9.109086945117879,0.18866021930538893
LZ_HOUSTON,2018,Apr,24.728347222222222,8.41,59.21,7.916439430638187,0.15992542976740612
LZ_HOUSTON,2018,May,35.5330376344086,8.42,550.1,39.48106603358091,0.22657545082978583
LZ_HOUSTON,2018,Jun,31.802347222222224,15.81,119.76,16.793934932973713,0.1527832173959358
LZ_HOUSTON,2018,Jul,79.56653225806451,9.95,2060.38,233.5603868265196,0.3757498630219294
LZ_HOUSTON,2018,Aug,32.159623655913975,13.48,151.05,18.890233331961976,0.16239127431463352
LZ_HOUSTON,2018,Sep,27.722416666666668,15.14,92.18,10.886969613459707,0.12163170445514104
LZ_HOUSTON,2018,Oct,31.78111559139785,12.74,101.62,11.514126975977037,0.13788295671678294
LZ_HOUSTON,2018,Nov,31.730333333333334,10.05,105.13,12.015058303485729,0.16686766448644122
LZ_HOUSTON,2018,Dec,30.462069892473117,6.88,116.52,9.911598247922354,0.17531144987505598
LZ_HOUSTON,2019,Jan,25.55008064516129,8.85,75.06,7.847312987516136,0.1669215872580144
LZ_HOUSTON,2019,Feb,21.644255952380952,5.51,57.43,6.729465251803097,0.1850035486325333
LZ_HOUSTON,2019,Mar,28.080323014804843,8.22,651.84,32.70861948439228,0.2012145017093586
LZ_HOUSTON,2019,Apr,24.264583333333334,5.44,107.4,12.157658167632507,0.1871803622960437
LZ_HOUSTON,2019,May,25.15361559139785,9.58,68.56,9.23424813356634,0.13568891556422505
LZ_HOUSTON,2019,Jun,27.226736111111112,10,113.57,15.762967614787566,0.15467631895045955
LZ_HOUSTON,2019,Jul,30.01306451612903,11.35,274.79,26.872544946248773,0.19415562169426365
LZ_HOUSTON,2019,Aug,126.69338709677419,10.33,3500,401.4687410183907,0.5118654780039842
LZ_HOUSTON,2019,Sep,80.77929166666667,7.97,5011.62,380.5954930085023,0.3483732513814529
LZ_HOUSTON,2019,Oct,30.642379032258063,9.62,872.98,55.331927736505236,0.22351026002859248
LZ_HOUSTON,2019,Nov,24.18161111111111,3.8,199.8,14.472697576733285,0.22356984824855125
LZ_HOUSTON,2019,Dec,18.919852150537633,3.8,59.5,6.877407263243727,0.18433608364340778
LZ_LCRA,2016,Jan,19.317459677419354,5.47,55.4,5.497980113470417,0.1625786486691038
LZ_LCRA,2016,Feb,15.488548850574713,2.37,51.55,5.732980295709334,0.21474865252224212
LZ_LCRA,2016,Mar,16.796298788694482,1.34,66.31,7.398862184113168,0.21226995722774408
LZ_LCRA,2016,Apr,18.392708333333335,1.15,92.5,9.682228462982478,0.22968734494289877
LZ_LCRA,2016,May,18.182782258064517,2.78,73.75,8.00522745939278,0.17318649639982897
LZ_LCRA,2016,Jun,24.164416666666668,4.64,109.44,11.121200540738204,0.14618313015029147
LZ_LCRA,2016,Jul,27.592217741935485,9.31,99.41,12.674735854902682,0.15073183097153917
LZ_LCRA,2016,Aug,31.175577956989247,13.43,237.06,28.98272611616213,0.18976971123230793
LZ_LCRA,2016,Sep,27.039944444444444,11,199.29,15.735525242461982,0.14272804888386295
LZ_LCRA,2016,Oct,26.068440860215055,3.33,281.6,16.98477508373953,0.18867102717980852
LZ_LCRA,2016,Nov,19.541680555555555,2.88,48.94,6.456588603352815,0.18458582480130986
LZ_LCRA,2016,Dec,25.487876344086022,2.58,142.23,11.374799922493048,0.20752862497652483
LZ_LCRA,2017,Jan,23.43627688172043,1.9,97.26,7.606074128174611,0.1990767361177566
LZ_LCRA,2017,Feb,20.66081845238095,3.1,53.1,6.8976144442939775,0.19077486579592665
LZ_LCRA,2017,Mar,23.437133243606997,5.15,69.81,8.228481795575645,0.14956859923921922
LZ_LCRA,2017,Apr,24.477416666666667,8.91,88.04,8.468541080492487,0.14079224637072904
LZ_LCRA,2017,May,25.63795698924731,4.45,67.39,8.654821736633204,0.1527250052803652
LZ_LCRA,2017,Jun,28.639083333333332,14.97,91.27,12.48570018194333,0.13937424770562437
LZ_LCRA,2017,Jul,31.9057123655914,16.84,265.38,18.70555943379993,0.15873832357198378
LZ_LCRA,2017,Aug,27.678010752688174,16.63,90.36,11.266243870522514,0.12723301119634023
LZ_LCRA,2017,Sep,24.813430555555556,8.63,61.55,8.36801241320809,0.12058499935347951
LZ_LCRA,2017,Oct,24.484260752688172,4.56,115,11.120629550803764,0.15685240647641505
LZ_LCRA,2017,Nov,23.047125,3.11,88.12,8.542414682479475,0.1691120232847289
LZ_LCRA,2017,Dec,21.11766129032258,4.65,58.16,5.448681533955956,0.16416736844965144
LZ_LCRA,2018,Jan,38.992567204301075,5.87,1669.26,88.49319955468226,0.22292757224060405
LZ_LCRA,2018,Feb,21.762247023809525,4.3,75.49,7.760105867864692,0.20492395193811408
LZ_LCRA,2018,Mar,22.05130551816958,4.24,70.23,8.310383904389663,0.19230157940678314
LZ_LCRA,2018,Apr,22.64402777777778,5.1,51.83,7.626581791236533,0.16431591112755745
LZ_LCRA,2018,May,34.73540322580645,7.35,537.05,39.21426529375477,0.22414617070596515
LZ_LCRA,2018,Jun,30.365555555555556,16.02,114.7,14.438945238745092,0.14309833701549587
LZ_LCRA,2018,Jul,79.06994623655913,10.06,2062.63,233.30198042101694,0.37710080577331584
LZ_LCRA,2018,Aug,31.807970430107527,14.28,149.58,18.499565264811263,0.16158030911310928
LZ_LCRA,2018,Sep,27.18726388888889,15.12,89.58,10.323972461463859,0.11991699426419734
LZ_LCRA,2018,Oct,30.069879032258065,10.92,95.98,10.146733125557335,0.13545918613890945
LZ_LCRA,2018,Nov,30.515805555555556,8.38,106.34,11.79691385662878,0.17374085235849399
LZ_LCRA,2018,Dec,30.58266129032258,6.56,122.66,10.628820081578901,0.17936852779738974
LZ_LCRA,2019,Jan,24.93630376344086,6.28,76.43,8.097452745325858,0.1697753948055806
LZ_LCRA,2019,Feb,21.666979166666668,5.53,56.92,6.878219361958411,0.18459760613048626
LZ_LCRA,2019,Mar,27.649313593539702,6.58,692.67,35.19954864384439,0.20457836535062077
LZ_LCRA,2019,Apr,23.31476388888889,4.46,107.21,12.368357309323672,0.19825572865401545
LZ_LCRA,2019,May,24.508682795698924,9.06,66.1,8.51416657391498,0.13063823996866072
LZ_LCRA,2019,Jun,24.519541666666665,11.18,101.6,13.153803352145431,0.1457690360897578
LZ_LCRA,2019,Jul,29.747916666666665,11.36,274.7,26.81774614012361,0.1939151070962133
LZ_LCRA,2019,Aug,126.67076612903226,10.31,3503.28,401.72730818178337,0.512583690743599
LZ_LCRA,2019,Sep,82.4672361111111,8,5011.71,380.75904251218793,0.3507018688344984
LZ_LCRA,2019,Oct,29.015806451612903,7.78,851.35,53.56442348624097,0.22696126972447758
LZ_LCRA,2019,Nov,24.485222222222223,4.14,207.11,14.724647827239304,0.22405342102269557
LZ_LCRA,2019,Dec,19.456881720430108,3.75,84.34,7.255990866381841,0.1829202318817429
LZ_NORTH,2016,Jan,19.187997311827957,5.08,56.21,5.532815832010709,0.16219355575190195
LZ_NORTH,2016,Feb,15.46221264367816,2.28,51.39,5.727119505560941,0.2162253114683663
LZ_NORTH,2016,Mar,17.461507402422612,1.48,62.31,7.4469997134928,0.2113374455763602
LZ_NORTH,2016,Apr,19.08763888888889,1.57,90.61,9.793125443963818,0.221915412905589
LZ_NORTH,2016,May,18.182889784946237,4.18,76.8,7.86262678641513,0.1665070205327131
LZ_NORTH,2016,Jun,23.562680555555556,3.64,104.06,11.062601504781108,0.14888259621621464
LZ_NORTH,2016,Jul,27.41577956989247,9.05,101.55,12.339122952872144,0.15211659880167258
LZ_NORTH,2016,Aug,30.148575268817204,13.37,227.06,26.104303860992065,0.18383762301060974
LZ_NORTH,2016,Sep,26.60586111111111,10.73,201.47,14.90166613165988,0.1396007864158288
LZ_NORTH,2016,Oct,24.53266129032258,2.85,273.64,16.034106142812703,0.19036721914150234
LZ_NORTH,2016,Nov,18.830513888888888,2,50.24,6.250940703599587,0.1899100142092327
LZ_NORTH,2016,Dec,25.28625,3.43,140.29,11.070745441320296,0.2047081646812773
LZ_NORTH,2017,Jan,23.603024193548386,2.91,96.68,7.53631169322917,0.19057210878797826
LZ_NORTH,2017,Feb,19.550014880952382,4.39,51.83,6.023653240387761,0.1809387928134181
LZ_NORTH,2017,Mar,21.83940780619112,5.34,64.71,7.067790149708489,0.15250463763983188
LZ_NORTH,2017,Apr,21.975805555555556,7.13,62.41,6.617664494044783,0.1434789441195539
LZ_NORTH,2017,May,24.557513440860216,5.22,72.98,8.001947903825615,0.14266948146703964
LZ_NORTH,2017,Jun,26.89373611111111,15.46,80.74,10.269483673647457,0.12748064116833488
LZ_NORTH,2017,Jul,31.186841397849463,16.47,254.01,17.443900624970393,0.15206646106558117
LZ_NORTH,2017,Aug,27.060362903225805,16.62,86.53,10.529417676731134,0.12272082454625807
LZ_NORTH,2017,Sep,23.96840277777778,8.29,56.01,8.103816548207519,0.12018607769043378
LZ_NORTH,2017,Oct,21.938427419354838,1.89,85.01,8.63646428172293,0.16880395328608083
LZ_NORTH,2017,Nov,22.263166666666667,3.21,70.4,7.87865611797551,0.17606379873250924
LZ_NORTH,2017,Dec,21.408131720430106,6.28,58.74,5.243574354344971,0.15895699051896095
LZ_NORTH,2018,Jan,37.72852150537634,6.32,1664.01,87.76979241169174,0.21939999232859386
LZ_NORTH,2018,Feb,21.84046130952381,5.84,74.29,7.579751376820836,0.19740643905585417
LZ_NORTH,2018,Mar,22.640551816958276,7.89,70.07,8.388701044899271,0.18253788586144154
LZ_NORTH,2018,Apr,24.366888888888887,8.91,58.24,7.779202510434246,0.15599275195371828
LZ_NORTH,2018,May,37.45188172043011,9.54,557.83,40.896630611550954,0.2286157390250383
LZ_NORTH,2018,Jun,31.30161111111111,15.26,122.97,16.441007465142185,0.1509080824185007
LZ_NORTH,2018,Jul,79.84618279569892,9.8,2079.81,235.36841649562857,0.3762943670455248
LZ_NORTH,2018,Aug,31.971586021505377,11.92,151.52,19.07727861952303,0.16476232870296867
LZ_NORTH,2018,Sep,27.88584722222222,13.94,91.58,12.013980791934744,0.12603782911694136
LZ_NORTH,2018,Oct,31.645416666666666,9.59,95.95,11.41539314407052,0.14199407504077208
LZ_NORTH,2018,Nov,31.974125,9.21,124.07,12.307011720189276,0.17405962159345342
LZ_NORTH,2018,Dec,31.131948924731184,6.87,121.19,10.753266871853738,0.17630718304955756
LZ_NORTH,2019,Jan,24.367836021505376,5.13,75.38,8.353484521769563,0.1716588483745908
LZ_NORTH,2019,Feb,20.851145833333334,4.36,56.78,7.117460637617205,0.19135454424726928
LZ_NORTH,2019,Mar,28.594037685060567,9.11,681.29,34.4362405222051,0.19845955771631185
LZ_NORTH,2019,Apr,23.718430555555557,6.62,103.76,11.928849097374753,0.18634388199356464
LZ_NORTH,2019,May,24.011451612903226,10.12,67.8,8.738728285557318,0.1335346047169301
LZ_NORTH,2019,Jun,25.207916666666666,8.21,101.28,13.61845388930725,0.14828286550491832
LZ_NORTH,2019,Jul,29.83494623655914,11.22,274.89,26.955125726994385,0.19535405030277767
LZ_NORTH,2019,Aug,126.60091397849462,10.08,3501.54,401.63191065044884,0.5126445798818419
LZ_NORTH,2019,Sep,80.77415277777777,7.81,5010.51,380.7589692018482,0.3502387458917188
LZ_NORTH,2019,Oct,28.732943548387098,6.21,863.71,54.42561097329509,0.23924890732416415
LZ_NORTH,2019,Nov,24.15361111111111,3.67,218.41,15.742828193014054,0.229317075997624
LZ_NORTH,2019,Dec,19.006801075268818,4.07,59.99,7.142365271934623,0.18875830578659866
LZ_RAYBN,2016,Jan,19.447943548387098,5.08,57.38,5.87173439536646,0.16355007934334848
LZ_RAYBN,2016,Feb,15.400431034482759,2.32,53.35,5.7534661271108956,0.21496825386859722
LZ_RAYBN,2016,Mar,17.117240915208615,1.86,61.55,7.327291215387115,0.20640128530686266
LZ_RAYBN,2016,Apr,18.85536111111111,1.45,90.56,9.706044207969228,0.22307584844365572
LZ_RAYBN,2016,May,18.320994623655913,4.31,75.95,7.887065178197736,0.16439789997006043
LZ_RAYBN,2016,Jun,23.315944444444444,3.65,100.54,10.573416883232081,0.14718985174466806
LZ_RAYBN,2016,Jul,27.471075268817206,9.03,101.88,12.383051616960069,0.15335157986897022
LZ_RAYBN,2016,Aug,30.149758064516128,13.37,226.86,26.11001588311446,0.18459054832595634
LZ_RAYBN,2016,Sep,26.47026388888889,10.72,200.59,14.818330548217851,0.13936957470460148
LZ_RAYBN,2016,Oct,24.452513440860216,3.14,274.16,15.968735318472177,0.1883442962532413
LZ_RAYBN,2016,Nov,18.875319444444443,2.9,47.33,6.182334306537095,0.18707667471454592
LZ_RAYBN,2016,Dec,25.319556451612904,4.44,138.15,10.848662138407187,0.2004065515881962
LZ_RAYBN,2017,Jan,23.39010752688172,2.43,96.42,7.174455207570435,0.18523763095975454
LZ_RAYBN,2017,Feb,20.369151785714287,5.62,51.8,5.358349282109903,0.16642421294761794
LZ_RAYBN,2017,Mar,21.907160161507402,6.77,64.19,6.549950608642895,0.14161021766461912
LZ_RAYBN,2017,Apr,22.213430555555554,8.2,61.88,5.862581020851394,0.1354599514744065
LZ_RAYBN,2017,May,24.00133064516129,6.21,62.63,6.8500959884287855,0.13382906075420317
LZ_RAYBN,2017,Jun,26.125041666666668,15.69,74.59,9.205680549494769,0.12367987409706002
LZ_RAYBN,2017,Jul,30.760497311827958,16.47,248.41,16.831198028483207,0.1507784913793051
LZ_RAYBN,2017,Aug,26.824825268817204,16.6,85.93,10.25467621902543,0.12233852369425924
LZ_RAYBN,2017,Sep,23.535680555555555,8.29,54.32,7.549488581314555,0.11757074625406518
LZ_RAYBN,2017,Oct,21.379932795698924,2.04,75.15,7.829634966596321,0.16357769509913195
LZ_RAYBN,2017,Nov,21.829180555555556,3.86,70.1,7.445188047172327,0.17425483567814593
LZ_RAYBN,2017,Dec,21.31260752688172,7.81,59.25,4.855131894035036,0.1533974911215282
LZ_RAYBN,2018,Jan,39.37014784946236,7.82,1709.15,90.37409156066536,0.21627473403162611
LZ_RAYBN,2018,Feb,22.403169642857144,7.42,94.77,7.724018064781317,0.20056841770754413
LZ_RAYBN,2018,Mar,23.8057065948856,11.42,69.95,7.764584538226352,0.1747811617849409
LZ_RAYBN,2018,Apr,27.198875,12.36,62.64,7.927631488254263,0.14425798139065465
LZ_RAYBN,2018,May,40.95125,11.51,572.62,43.40898605325402,0.22706071192427307
LZ_RAYBN,2018,Jun,31.94558333333333,15.64,125.33,17.45883747724984,0.1571653748185595
LZ_RAYBN,2018,Jul,84.90190860215054,9.8,2234.47,250.6247603199863,0.37319681614901257
LZ_RAYBN,2018,Aug,32.51872311827957,12.2,158.9,20.634102764280644,0.17453625969772013
LZ_RAYBN,2018,Sep,27.680888888888887,13.93,90.56,11.823806754293667,0.12688863295734096
LZ_RAYBN,2018,Oct,30.624959677419355,13.12,94.29,10.702267190328259,0.14082956859846563
LZ_RAYBN,2018,Nov,33.452444444444446,12.67,124.27,11.735302215008222,0.17026253772541158
LZ_RAYBN,2018,Dec,31.55353494623656,7.83,116.72,10.034378429938945,0.17051664794362836
LZ_RAYBN,2019,Jan,24.41149193548387,6.49,74.86,8.060814095455626,0.16858690602603904
LZ_RAYBN,2019,Feb,21.066279761904763,4.7,57.29,6.844085385799508,0.18450553445118614
LZ_RAYBN,2019,Mar,29.809798115746972,12.38,682.64,34.21999384570602,0.1955732466345035
LZ_RAYBN,2019,Apr,24.998305555555557,7.34,113.75,11.764075316688285,0.18135116558532619
LZ_RAYBN,2019,May,24.78815860215054,11.72,67.79,8.999232252081153,0.13361828853321264
LZ_RAYBN,2019,Jun,25.458513888888888,8.78,101.41,13.654010843479439,0.14769832027368518
LZ_RAYBN,2019,Jul,30.029717741935485,11.21,279.33,27.16585694149394,0.19574522456145532
LZ_RAYBN,2019,Aug,126.89788978494623,10.38,3503.7,401.9292603884114,0.5098971299792214
LZ_RAYBN,2019,Sep,80.6986388888889,7.81,5012.22,380.90820213982494,0.35060933726809346
LZ_RAYBN,2019,Oct,28.554381720430108,7.43,850.07,52.13279002555599,0.23678171892919228
LZ_RAYBN,2019,Nov,24.517569444444444,4.57,222.55,15.818155791296592,0.2354410246858419
LZ_RAYBN,2019,Dec,19.085067204301076,4.69,60.53,7.101435355892234,0.18703427398695047
LZ_SOUTH,2016,Jan,19.481720430107526,5.06,58.16,5.7107206445197045,0.1651763602963047
LZ_SOUTH,2016,Feb,15.935862068965518,1.59,52.27,6.329056652036594,0.2256911063873472
LZ_SOUTH,2016,Mar,19.52114401076716,0.56,100,12.325023585024745,0.23336428727747083
LZ_SOUTH,2016,Apr,20.738,1.04,120,13.178488937715967,0.24573208070084138
LZ_SOUTH,2016,May,20.691747311827957,2.76,100,12.251857833053956,0.19651017367941612
LZ_SOUTH,2016,Jun,27.471652777777777,4.94,141.69,15.83181521257642,0.17878294096955683
LZ_SOUTH,2016,Jul,28.889583333333334,9.49,106.32,13.878802914915042,0.15270971242291917
LZ_SOUTH,2016,Aug,31.823306451612904,13.43,240.28,29.399207615742842,0.188873324839313
LZ_SOUTH,2016,Sep,28.762013888888887,11.16,206.79,16.32396173772861,0.14706281309997507
LZ_SOUTH,2016,Oct,30.03103494623656,3.68,290.71,24.11439290602675,0.20692277510289409
LZ_SOUTH,2016,Nov,20.633388888888888,2.81,59.68,7.707285909666224,0.18752126359469312
LZ_SOUTH,2016,Dec,26.326841397849464,2.59,148.13,12.181573627385522,0.2085625581810443
LZ_SOUTH,2017,Jan,25.155483870967743,1.85,142.48,10.779406305725365,0.19959043168434384
LZ_SOUTH,2017,Feb,21.793690476190477,3.22,54.63,7.831157785521074,0.1935833942408247
LZ_SOUTH,2017,Mar,26.52820995962315,4.69,94.55,10.897196845177303,0.15694115673006168
LZ_SOUTH,2017,Apr,28.549888888888887,10.5,119.88,12.735671759879724,0.14816036936371382
LZ_SOUTH,2017,May,29.9797311827957,5.34,94.72,12.98626101551835,0.1667231704942743
LZ_SOUTH,2017,Jun,36.78344444444444,15.65,150,22.43583862039762,0.17582956471068456
LZ_SOUTH,2017,Jul,34.19329301075269,17.34,276.3,20.840197731710745,0.16496882863826481
LZ_SOUTH,2017,Aug,33.457849462365594,16.66,139.11,19.499532456662955,0.16023104107165956
LZ_SOUTH,2017,Sep,28.330347222222223,8.84,84.54,10.499658158101534,0.1312313237230614
LZ_SOUTH,2017,Oct,28.464018817204302,4.52,129.79,13.227929173038131,0.1663411510526462
LZ_SOUTH,2017,Nov,27.86572222222222,8.04,109.23,11.2064793760655,0.15586551825593487
LZ_SOUTH,2017,Dec,25.404220430107525,7.07,99.02,7.914118204536931,0.1603785583683175
LZ_SOUTH,2018,Jan,46.132567204301075,6.56,1709.82,93.31581643122976,0.2053808839739854
LZ_SOUTH,2018,Feb,25.19703869047619,4.14,79.89,9.158766911369776,0.20349943131621503
LZ_SOUTH,2018,Mar,26.759973082099595,8.31,76.2,10.317034261654255,0.1753076980236709
LZ_SOUTH,2018,Apr,28.186972222222224,8.32,63.43,9.605147553595849,0.16277613692908374
LZ_SOUTH,2018,May,41.27442204301075,11.8,556.94,41.389337912093396,0.21419956226753345
LZ_SOUTH,2018,Jun,32.25868055555556,16.3,124.6,15.824630844733255,0.14189955026424167
LZ_SOUTH,2018,Jul,80.44756720430108,10.11,2068.16,234.40094203188025,0.37432242294974516
LZ_SOUTH,2018,Aug,33.690631720430105,15.79,151.59,21.41867258099859,0.1716889318743509
LZ_SOUTH,2018,Sep,28.38376388888889,16,91.31,11.343294717518608,0.12502088372636183
LZ_SOUTH,2018,Oct,32.12697580645161,16.13,100.1,12.02729397652684,0.13707283767573214
LZ_SOUTH,2018,Nov,33.54448611111111,10.49,120.91,13.681769776384677,0.17420847369449757
LZ_SOUTH,2018,Dec,32.11272849462365,7.62,125.61,11.133697976599079,0.17540819001829638
LZ_SOUTH,2019,Jan,27.057903225806452,7.6,123.19,9.207961381226529,0.17457551860037157
LZ_SOUTH,2019,Feb,23.728958333333335,6.44,61.77,7.5112400295933774,0.18350581196897536
LZ_SOUTH,2019,Mar,30.52948855989233,7.37,721.89,37.109002758386055,0.20377079087811645
LZ_SOUTH,2019,Apr,27.147833333333335,4,134.58,14.69313928912675,0.19977933362637637
LZ_SOUTH,2019,May,27.210994623655914,10.73,87.14,10.367489242585489,0.13733851455027102
LZ_SOUTH,2019,Jun,27.259597222222222,11.71,123.14,14.759030011321768,0.14662748024831365
LZ_SOUTH,2019,Jul,31.132163978494624,11.68,279.97,27.666057981228903,0.1913654608158814
LZ_SOUTH,2019,Aug,127.1090188172043,11,3499.67,400.76833513693464,0.5090885375735932
LZ_SOUTH,2019,Sep,81.00911111111111,8.37,4996.6,378.7493983096634,0.34366487931005596
LZ_SOUTH,2019,Oct,32.942110215053766,6.93,846.41,53.6600556841448,0.2251975321930542
LZ_SOUTH,2019,Nov,25.803708333333333,5.53,195.9,14.772221026154103,0.21709870308338525
LZ_SOUTH,2019,Dec,19.786881720430106,3.46,77.45,7.023225109320717,0.18053971032128727
LZ_WEST,2016,Jan,19.519260752688172,4.47,56.26,5.972367020222796,0.16771754831140653
LZ_WEST,2016,Feb,15.04448275862069,-0.86,51.61,6.097312323786852,NA
LZ_WEST,2016,Mar,16.00265141318977,0.46,60.97,7.447474696074763,0.2332967657341406
LZ_WEST,2016,Apr,17.153666666666666,0.33,91.7,9.379291805382461,0.260033428550519
LZ_WEST,2016,May,17.73752688172043,1.43,73.98,8.085380793131261,0.19022703833905857
LZ_WEST,2016,Jun,23.48876388888889,3.76,107.61,10.783790816173294,0.1457411740316026
LZ_WEST,2016,Jul,27.178790322580646,9.05,115.9,12.88803002984509,0.15296361152578203
LZ_WEST,2016,Aug,30.010564516129033,13.37,226.91,25.76381170342959,0.18413309704326034
LZ_WEST,2016,Sep,26.767666666666667,10.69,204.46,15.18120113770021,0.13834928171572863
LZ_WEST,2016,Oct,25.18225806451613,1.5,285.76,17.138519624553343,0.19853249456541325
LZ_WEST,2016,Nov,19.343138888888888,0.97,60.38,7.035390776231643,0.19930965720035787
LZ_WEST,2016,Dec,25.165819892473117,0.37,139.73,11.654195202333174,0.23038777241328326
LZ_WEST,2017,Jan,23.231370967741935,0.47,97.97,9.296835291406909,0.26477815894250467
LZ_WEST,2017,Feb,18.47705357142857,-3.67,72.56,9.104210009101465,0.4130541391341007
LZ_WEST,2017,Mar,20.25119784656797,0.09,65.3,8.465475122425502,0.2651106744384372
LZ_WEST,2017,Apr,20.388569444444446,0.1,69.22,8.18040263320492,0.2477015199893793
LZ_WEST,2017,May,22.86779569892473,1.38,57.71,7.553185185074923,0.18859234921561074
LZ_WEST,2017,Jun,27.512319444444444,11.19,79.92,10.623585853794633,0.13096995963824035
LZ_WEST,2017,Jul,31.130174731182795,16.63,240.72,16.884863660414933,0.14756928140909997
LZ_WEST,2017,Aug,27.21391129032258,16.64,86.65,10.571351807051885,0.12888832320105115
LZ_WEST,2017,Sep,27.011777777777777,8.08,83.61,10.999813244365116,0.12408211564015484
LZ_WEST,2017,Oct,22.173319892473117,1.83,72.46,8.353856799011607,0.17378120889077553
LZ_WEST,2017,Nov,22.152916666666666,0.27,75.19,8.749763793752,0.21858594229095574
LZ_WEST,2017,Dec,21.872258064516128,-1.49,64.7,7.489398016305278,0.28203994346613787
LZ_WEST,2018,Jan,37.29330645161291,0.65,1670.78,88.79467993492516,0.26638904902139543
LZ_WEST,2018,Feb,22.12410714285714,2.33,74.96,8.271932366348938,0.21551426749885505
LZ_WEST,2018,Mar,22.301628532974426,0.4,79.53,10.90682216396113,0.3048923464272236
LZ_WEST,2018,Apr,21.128125,-3.54,60.13,12.432860367773298,0.34882937209841036
LZ_WEST,2018,May,49.60012096774194,1.15,560.42,42.8080971839155,0.2923339469143835
LZ_WEST,2018,Jun,57.967527777777775,22.77,137,20.756347046082535,0.18568655934497805
LZ_WEST,2018,Jul,101.47096774193548,13.15,2151.82,238.70516348224737,0.35734548787366427
LZ_WEST,2018,Aug,33.289852150537634,11.08,153.14,19.295431194581802,0.16968408014553876
LZ_WEST,2018,Sep,27.101097222222222,13.2,87.2,10.436557699967402,0.12205654231255122
LZ_WEST,2018,Oct,30.004556451612903,3.1,97.94,10.901438163956595,0.1479460909945428
LZ_WEST,2018,Nov,31.224027777777778,1.91,147.71,15.92537420033344,0.22276298861980445
LZ_WEST,2018,Dec,34.98084677419355,3.05,131.59,15.254886045873537,0.20271054025178945
LZ_WEST,2019,Jan,27.461532258064516,0.44,99.02,13.47823357942609,0.22068829889710628
LZ_WEST,2019,Feb,22.798958333333335,2.99,67.26,9.305285701329012,0.2165747271921478
LZ_WEST,2019,Mar,31.282960969044414,2.25,698.52,37.27890331984406,0.23886393306102024
LZ_WEST,2019,Apr,21.699236111111112,0.69,112.83,14.623148227684057,0.2711606640612352
LZ_WEST,2019,May,28.851989247311828,7.36,78.96,9.737399440021322,0.1459596913458951
LZ_WEST,2019,Jun,32.02677777777778,12.25,111.92,14.086746131905791,0.15605943832511368
LZ_WEST,2019,Jul,32.07568548387097,11.03,281.09,27.34031853443688,0.20000299305222413
LZ_WEST,2019,Aug,128.87646505376344,9.12,3505.6,402.1141461822706,0.5023140707794568
LZ_WEST,2019,Sep,83.47113888888889,6.59,5015.25,380.45391860989866,0.3515460495830899
LZ_WEST,2019,Oct,49.38336021505376,0.79,873.07,62.39685602002447,0.3135678771385492
LZ_WEST,2019,Nov,49.34084722222222,3.6,286.91,31.876125870829327,0.26572838906125146
LZ_WEST,2019,Dec,39.5025940860215,7.32,195.71,27.97586197338679,0.28529950183227243
